Timestamp_ISO,Tiempo_Relativo_s,Etapa_Num,Etapa_Nombre,Error_T1_C,Error_T2_C,Error_T3_C,Error_T4_C,Error_Corriente_A,IAE_T1,IAE_T2,IAE_T3,IAE_T4,IAE_Corriente,Esfuerzo_u1_Pct,Esfuerzo_u2_Pct,Esfuerzo_u3_Pct,Esfuerzo_u4_Pct
2026-09-14T22:03:00,0.0,1,Limpieza Electrolítica (T1),-24.0,-24.0,-24.0,-24.0,0.0,24.0,24.0,24.0,24.0,0.0,0.0,0.0,0.0,0.0
2026-09-14T22:03:04,4.1,1,Limpieza Electrolítica (T1),-24.0,-24.0,-24.0,-24.0,0.0,96.0,96.0,96.0,96.0,0.0,0.0,0.0,0.0,0.0
2026-09-14T22:03:08,8.1,1,Limpieza Electrolítica (T1),-24.0,-24.0,-24.0,-24.0,0.0,168.0,168.0,168.0,168.0,0.0,0.0,0.0,0.0,0.0
2026-09-14T22:03:12,12.2,1,Limpieza Electrolítica (T1),-24.0,-24.0,-24.0,-24.0,0.0,240.0,240.0,240.0,240.0,0.0,0.0,0.0,0.0,0.0
2026-09-14T22:03:16,16.2,1,Limpieza Electrolítica (T1),-24.0,-24.0,-24.0,-24.0,0.0,312.0,312.0,312.0,312.0,0.0,0.0,0.0,0.0,0.0
2026-09-14T22:03:20,20.3,1,Limpieza Electrolítica (T1),-24.0,-24.0,-24.0,-24.0,0.0,384.0,384.0,384.0,384.0,0.0,0.0,0.0,0.0,0.0
2026-09-14T22:03:24,24.3,1,Limpieza Electrolítica (T1),-24.0,-24.0,-24.0,-24.0,0.0,456.0,456.0,456.0,456.0,0.0,0.0,0.0,0.0,0.0
2026-09-14T22:03:28,28.4,1,Limpieza Electrolítica (T1),-24.0,-24.0,-24.0,-24.0,0.0,528.0,528.0,528.0,528.0,0.0,0.0,0.0,0.0,0.0
2026-09-14T22:03:32,32.4,1,Limpieza Electrolítica (T1),-24.0,-24.0,-24.0,-24.0,0.0,600.0,600.0,600.0,600.0,0.0,0.0,0.0,0.0,0.0
2026-09-14T22:03:36,36.5,1,Limpieza Electrolítica (T1),-24.0,-24.0,-24.0,-24.0,0.0,672.0,672.0,672.0,672.0,0.0,0.0,0.0,0.0,0.0
2026-09-14T22:03:40,40.5,1,Limpieza Electrolítica (T1),36.9,36.8,0.6,3.6,0.0,782.7,782.4,673.8,682.8,0.0,100.0,100.0,29.0,74.0
2026-09-14T22:03:41,41.5,1,Limpieza Electrolítica (T1),36.5,36.4,0.6,3.6,0.0,819.2,818.8,674.4,686.4,0.0,100.0,100.0,28.0,73.0
2026-09-14T22:03:42,42.5,1,Limpieza Electrolítica (T1),35.9,35.9,0.6,3.6,0.0,855.2,854.8,675.0,690.0,0.0,100.0,100.0,28.0,74.0
2026-09-14T22:03:43,43.5,1,Limpieza Electrolítica (T1),35.3,35.4,0.7,3.6,0.0,890.5,890.2,675.7,693.6,0.0,100.0,100.0,30.0,73.0
2026-09-14T22:03:44,44.5,1,Limpieza Electrolítica (T1),35.0,34.9,0.4,3.5,0.0,925.5,925.1,676.1,697.1,0.0,100.0,100.0,26.0,73.0
2026-09-14T22:03:45,45.5,1,Limpieza Electrolítica (T1),34.6,34.6,0.6,3.4,0.0,960.1,959.7,676.7,700.5,0.0,100.0,100.0,28.0,70.0
2026-09-14T22:03:46,46.5,1,Limpieza Electrolítica (T1),34.2,34.0,0.5,3.3,0.0,994.3,993.7,677.2,703.8,0.0,100.0,100.0,27.0,69.0
2026-09-14T22:03:47,47.5,1,Limpieza Electrolítica (T1),33.6,33.6,0.6,3.2,0.0,1027.9,1027.3,677.8,707.0,0.0,100.0,100.0,28.0,67.0
2026-09-14T22:03:48,48.5,1,Limpieza Electrolítica (T1),33.2,33.4,0.6,3.2,0.0,1061.1,1060.7,678.4,710.2,0.0,100.0,100.0,29.0,68.0
2026-09-14T22:03:49,49.5,1,Limpieza Electrolítica (T1),32.8,32.9,0.5,3.4,0.0,1093.9,1093.6,678.9,713.6,0.0,100.0,100.0,27.0,70.0
2026-09-14T22:03:50,50.5,1,Limpieza Electrolítica (T1),32.6,32.4,0.6,3.3,0.0,1126.6,1126.1,679.5,716.9,0.0,100.0,100.0,28.0,69.0
2026-09-14T22:03:51,51.5,1,Limpieza Electrolítica (T1),32.1,32.0,0.4,3.1,0.0,1158.7,1158.1,679.9,720.0,0.0,100.0,100.0,26.0,67.0
2026-09-14T22:03:52,52.5,1,Limpieza Electrolítica (T1),31.6,31.8,0.4,3.0,0.0,1190.3,1189.9,680.3,723.0,0.0,100.0,100.0,26.0,64.0
2026-09-14T22:03:53,53.5,1,Limpieza Electrolítica (T1),31.2,31.2,0.5,3.2,0.0,1221.5,1221.1,680.8,726.2,0.0,100.0,100.0,27.0,67.0
2026-09-14T22:03:54,54.5,1,Limpieza Electrolítica (T1),30.8,30.8,0.5,3.1,0.0,1252.3,1251.9,681.3,729.3,0.0,100.0,100.0,27.0,65.0
2026-09-14T22:03:55,55.5,1,Limpieza Electrolítica (T1),30.4,30.6,0.4,3.1,0.0,1282.7,1282.5,681.7,732.4,0.0,100.0,100.0,26.0,66.0
2026-09-14T22:03:56,56.5,1,Limpieza Electrolítica (T1),30.0,30.0,0.6,2.8,0.0,1312.7,1312.5,682.3,735.2,0.0,100.0,100.0,29.0,62.0
2026-09-14T22:03:57,57.5,1,Limpieza Electrolítica (T1),29.7,29.7,0.3,2.9,0.0,1342.5,1342.3,682.6,738.1,0.0,100.0,100.0,25.0,62.0
2026-09-14T22:03:58,58.5,1,Limpieza Electrolítica (T1),29.3,29.3,0.5,2.8,0.0,1371.8,1371.6,683.1,740.9,0.0,100.0,100.0,28.0,61.0
2026-09-14T22:03:59,59.5,1,Limpieza Electrolítica (T1),28.9,29.1,0.6,3.0,0.0,1400.7,1400.7,683.7,743.9,0.0,100.0,100.0,29.0,64.0
2026-09-14T22:04:00,60.5,1,Limpieza Electrolítica (T1),28.6,28.6,0.5,2.7,0.0,1429.3,1429.3,684.2,746.6,0.0,100.0,100.0,27.0,60.0
2026-09-14T22:04:01,61.5,1,Limpieza Electrolítica (T1),28.4,28.3,0.4,2.7,0.0,1457.7,1457.6,684.6,749.3,0.0,100.0,100.0,26.0,61.0
2026-09-14T22:04:02,62.5,1,Limpieza Electrolítica (T1),27.9,28.0,0.5,2.6,0.0,1485.6,1485.6,685.1,751.9,0.0,100.0,100.0,27.0,59.0
2026-09-14T22:04:03,63.5,1,Limpieza Electrolítica (T1),27.7,27.5,0.5,2.8,0.0,1513.4,1513.2,685.6,754.7,0.0,100.0,100.0,26.0,61.0
2026-09-14T22:04:04,64.5,1,Limpieza Electrolítica (T1),27.1,27.2,0.6,2.6,0.0,1540.5,1540.4,686.2,757.3,0.0,100.0,100.0,28.0,59.0
2026-09-14T22:04:05,65.5,1,Limpieza Electrolítica (T1),27.0,26.8,0.5,2.7,0.0,1567.5,1567.2,686.7,760.0,0.0,100.0,100.0,27.0,60.0
2026-09-14T22:04:06,66.5,1,Limpieza Electrolítica (T1),26.7,26.5,0.5,2.6,0.0,1594.2,1593.7,687.2,762.6,0.0,100.0,100.0,27.0,58.0
2026-09-14T22:04:07,67.5,1,Limpieza Electrolítica (T1),26.4,26.2,0.5,2.4,0.0,1620.6,1619.9,687.7,765.0,0.0,100.0,100.0,26.0,56.0
2026-09-14T22:04:08,68.5,1,Limpieza Electrolítica (T1),26.0,26.0,0.4,2.7,0.0,1646.6,1645.9,688.1,767.7,0.0,100.0,100.0,26.0,59.0
2026-09-14T22:04:09,69.5,1,Limpieza Electrolítica (T1),25.7,25.7,0.5,2.4,0.0,1672.3,1671.6,688.6,770.1,0.0,100.0,100.0,28.0,55.0
2026-09-14T22:04:10,70.5,1,Limpieza Electrolítica (T1),25.3,25.1,0.6,2.5,0.0,1697.6,1696.7,689.2,772.6,0.0,100.0,100.0,28.0,57.0
2026-09-14T22:04:11,71.5,1,Limpieza Electrolítica (T1),25.1,24.9,0.3,2.5,0.0,1722.8,1721.7,689.5,775.1,0.0,100.0,100.0,24.0,57.0
2026-09-14T22:04:12,72.5,1,Limpieza Electrolítica (T1),24.8,24.7,0.5,2.6,0.0,1747.6,1746.4,690.0,777.7,0.0,100.0,100.0,27.0,58.0
2026-09-14T22:04:13,73.5,1,Limpieza Electrolítica (T1),24.4,24.4,0.5,2.3,0.0,1772.0,1770.8,690.5,780.0,0.0,100.0,100.0,26.0,54.0
2026-09-14T22:04:14,74.5,1,Limpieza Electrolítica (T1),24.0,24.1,0.5,2.5,0.0,1796.0,1794.9,691.0,782.5,0.0,100.0,100.0,27.0,57.0
2026-09-14T22:04:15,75.5,1,Limpieza Electrolítica (T1),23.8,23.6,0.3,2.2,0.0,1819.8,1818.5,691.3,784.7,0.0,100.0,100.0,24.0,53.0
2026-09-14T22:04:16,76.5,1,Limpieza Electrolítica (T1),23.4,23.4,0.5,2.2,0.0,1843.2,1841.9,691.8,786.9,0.0,100.0,100.0,27.0,53.0
2026-09-14T22:04:17,77.5,1,Limpieza Electrolítica (T1),23.3,23.2,0.5,2.3,0.0,1866.5,1865.1,692.3,789.3,0.0,100.0,100.0,27.0,54.0
2026-09-14T22:04:18,78.5,1,Limpieza Electrolítica (T1),22.9,22.8,0.5,2.3,0.0,1889.4,1887.9,692.8,791.6,0.0,100.0,100.0,27.0,55.0
2026-09-14T22:04:19,79.5,1,Limpieza Electrolítica (T1),22.6,22.7,0.3,2.2,0.0,1912.0,1910.6,693.1,793.8,0.0,100.0,100.0,24.0,52.0
2026-09-14T22:04:20,80.5,1,Limpieza Electrolítica (T1),22.4,22.2,0.4,2.2,0.0,1934.5,1932.9,693.5,796.0,0.0,100.0,100.0,26.0,52.0
2026-09-14T22:04:21,81.5,1,Limpieza Electrolítica (T1),22.2,22.1,0.3,2.1,0.0,1956.7,1955.0,693.8,798.1,0.0,100.0,100.0,24.0,51.0
2026-09-14T22:04:22,82.5,1,Limpieza Electrolítica (T1),21.8,21.8,0.4,2.0,0.0,1978.5,1976.8,694.2,800.1,0.0,100.0,100.0,25.0,50.0
2026-09-14T22:04:23,83.5,1,Limpieza Electrolítica (T1),21.4,21.3,0.3,2.3,0.0,1999.9,1998.1,694.5,802.4,0.0,100.0,100.0,24.0,53.0
2026-09-14T22:04:24,84.5,1,Limpieza Electrolítica (T1),21.2,21.1,0.5,2.1,0.0,2021.1,2019.2,695.0,804.5,0.0,100.0,100.0,27.0,51.0
2026-09-14T22:04:25,85.5,1,Limpieza Electrolítica (T1),21.0,20.9,0.4,2.2,0.0,2042.1,2040.1,695.4,806.7,0.0,100.0,100.0,25.0,52.0
2026-09-14T22:04:26,86.5,1,Limpieza Electrolítica (T1),20.6,20.6,0.2,2.0,0.0,2062.8,2060.8,695.6,808.7,0.0,100.0,100.0,23.0,49.0
2026-09-14T22:04:27,87.5,1,Limpieza Electrolítica (T1),20.3,20.3,0.3,2.1,0.0,2083.1,2081.1,695.9,810.8,0.0,100.0,100.0,24.0,51.0
2026-09-14T22:04:28,88.5,1,Limpieza Electrolítica (T1),20.2,20.3,0.3,2.1,0.0,2103.3,2101.4,696.2,812.9,0.0,100.0,100.0,24.0,51.0
2026-09-14T22:04:29,89.5,1,Limpieza Electrolítica (T1),19.8,19.9,0.4,2.1,0.0,2123.1,2121.3,696.6,815.0,0.0,100.0,100.0,26.0,51.0
2026-09-14T22:04:30,90.5,1,Limpieza Electrolítica (T1),19.8,19.7,0.2,1.9,0.0,2142.9,2141.0,696.8,816.9,0.0,100.0,100.0,22.0,48.0
2026-09-14T22:04:31,91.5,1,Limpieza Electrolítica (T1),19.5,19.4,0.2,1.9,0.0,2162.4,2160.4,697.0,818.8,0.0,100.0,100.0,23.0,48.0
2026-09-14T22:04:32,92.5,1,Limpieza Electrolítica (T1),19.1,19.3,0.3,1.9,0.0,2181.5,2179.7,697.3,820.7,0.0,100.0,100.0,24.0,48.0
2026-09-14T22:04:33,93.5,1,Limpieza Electrolítica (T1),18.9,18.8,0.4,1.8,0.0,2200.4,2198.5,697.7,822.5,0.0,100.0,100.0,25.0,46.0
2026-09-14T22:04:34,94.5,1,Limpieza Electrolítica (T1),18.8,18.7,0.2,1.7,0.0,2219.2,2217.2,697.9,824.2,0.0,100.0,100.0,23.0,46.0
2026-09-14T22:04:35,95.5,1,Limpieza Electrolítica (T1),18.3,18.5,0.3,1.8,0.0,2237.5,2235.7,698.2,826.0,0.0,100.0,100.0,24.0,46.0
2026-09-14T22:04:36,96.5,1,Limpieza Electrolítica (T1),18.3,18.3,0.3,1.7,0.0,2255.8,2254.0,698.5,827.7,0.0,100.0,100.0,24.0,45.0
2026-09-14T22:04:37,97.5,1,Limpieza Electrolítica (T1),18.1,18.1,0.3,1.8,0.0,2274.0,2272.2,698.8,829.5,0.0,100.0,100.0,24.0,47.0
2026-09-14T22:04:38,98.5,1,Limpieza Electrolítica (T1),17.8,17.8,0.4,1.8,0.0,2291.8,2290.0,699.2,831.3,0.0,100.0,100.0,26.0,46.0
2026-09-14T22:04:39,99.5,1,Limpieza Electrolítica (T1),17.7,17.5,0.4,1.7,0.0,2309.5,2307.5,699.6,833.0,0.0,100.0,100.0,25.0,44.0
2026-09-14T22:04:40,100.5,1,Limpieza Electrolítica (T1),17.4,17.4,0.3,1.6,0.0,2326.9,2324.9,699.9,834.6,0.0,100.0,100.0,24.0,44.0
2026-09-14T22:04:41,101.5,1,Limpieza Electrolítica (T1),17.1,17.1,0.4,1.7,0.0,2344.0,2342.0,700.3,836.3,0.0,100.0,100.0,26.0,44.0
2026-09-14T22:04:42,102.5,1,Limpieza Electrolítica (T1),16.9,16.9,0.4,1.6,0.0,2360.9,2358.9,700.7,837.9,0.0,100.0,100.0,25.0,44.0
2026-09-14T22:04:43,103.5,1,Limpieza Electrolítica (T1),16.7,16.9,0.3,1.8,0.0,2377.6,2375.8,701.0,839.7,0.0,100.0,100.0,24.0,46.0
2026-09-14T22:04:44,104.5,1,Limpieza Electrolítica (T1),16.6,16.6,0.1,1.8,0.0,2394.2,2392.4,701.1,841.5,0.0,100.0,100.0,21.0,46.0
2026-09-14T22:04:45,105.5,1,Limpieza Electrolítica (T1),16.4,16.2,0.3,1.6,0.0,2410.6,2408.6,701.4,843.1,0.0,100.0,100.0,23.0,44.0
2026-09-14T22:04:46,106.5,1,Limpieza Electrolítica (T1),16.1,16.1,0.3,1.5,0.0,2426.7,2424.7,701.7,844.6,0.0,100.0,100.0,23.0,43.0
2026-09-14T22:04:47,107.5,1,Limpieza Electrolítica (T1),15.8,16.0,0.3,1.7,0.0,2442.5,2440.7,702.0,846.3,0.0,100.0,100.0,23.0,45.0
2026-09-14T22:04:48,108.5,1,Limpieza Electrolítica (T1),15.9,15.8,0.1,1.5,0.0,2458.4,2456.5,702.1,847.8,0.0,100.0,100.0,21.0,42.0
2026-09-14T22:04:49,109.5,1,Limpieza Electrolítica (T1),15.5,15.4,0.1,1.6,0.0,2473.9,2471.9,702.2,849.4,0.0,100.0,100.0,21.0,43.0
2026-09-14T22:04:50,110.5,1,Limpieza Electrolítica (T1),15.5,15.4,0.3,1.4,0.0,2489.4,2487.3,702.5,850.8,0.0,100.0,100.0,25.0,41.0
2026-09-14T22:04:51,111.5,1,Limpieza Electrolítica (T1),15.3,15.2,0.1,1.4,0.0,2504.8,2502.6,702.6,852.2,0.0,100.0,100.0,22.0,40.0
2026-09-14T22:04:52,112.5,1,Limpieza Electrolítica (T1),15.1,14.9,0.4,1.3,0.0,2519.9,2517.5,703.0,853.5,0.0,100.0,100.0,25.0,39.0
2026-09-14T22:04:53,113.5,1,Limpieza Electrolítica (T1),14.7,14.9,0.1,1.5,0.0,2534.6,2532.4,703.1,855.0,0.0,100.0,100.0,22.0,42.0
2026-09-14T22:04:54,114.5,1,Limpieza Electrolítica (T1),14.4,14.6,0.1,1.5,0.0,2549.0,2547.0,703.2,856.5,0.0,100.0,100.0,21.0,42.0
2026-09-14T22:04:55,115.5,1,Limpieza Electrolítica (T1),14.5,14.4,0.2,1.4,0.0,2563.5,2561.4,703.4,857.9,0.0,100.0,100.0,22.0,41.0
2026-09-14T22:04:56,116.5,1,Limpieza Electrolítica (T1),14.3,14.1,0.2,1.4,0.0,2577.8,2575.5,703.6,859.3,0.0,100.0,100.0,23.0,40.0
2026-09-14T22:04:57,117.5,1,Limpieza Electrolítica (T1),14.1,14.1,0.3,1.4,0.0,2591.9,2589.6,703.9,860.7,0.0,100.0,100.0,25.0,41.0
2026-09-14T22:04:58,118.5,1,Limpieza Electrolítica (T1),14.0,14.0,0.3,1.4,0.0,2605.9,2603.6,704.2,862.1,0.0,100.0,100.0,24.0,41.0
2026-09-14T22:04:59,119.5,1,Limpieza Electrolítica (T1),13.8,13.7,0.2,1.3,0.0,2619.7,2617.3,704.4,863.4,0.0,100.0,100.0,22.0,39.0
2026-09-14T22:05:00,120.5,1,Limpieza Electrolítica (T1),13.6,13.6,0.2,1.4,0.0,2633.3,2630.9,704.6,864.8,0.0,100.0,100.0,23.0,40.0
2026-09-14T22:05:01,121.5,1,Limpieza Electrolítica (T1),13.3,13.4,0.3,1.2,0.0,2646.6,2644.3,704.9,866.0,0.0,100.0,100.0,23.0,38.0
2026-09-14T22:05:02,122.5,1,Limpieza Electrolítica (T1),13.2,13.1,0.1,1.2,0.0,2659.8,2657.4,705.0,867.2,0.0,100.0,100.0,21.0,37.0
2026-09-14T22:05:03,123.5,1,Limpieza Electrolítica (T1),13.0,12.9,0.2,1.2,0.0,2672.8,2670.3,705.2,868.4,0.0,100.0,100.0,22.0,38.0
2026-09-14T22:05:04,124.5,1,Limpieza Electrolítica (T1),12.9,12.8,0.2,1.3,0.0,2685.7,2683.1,705.4,869.7,0.0,100.0,100.0,23.0,39.0
2026-09-14T22:05:05,125.5,1,Limpieza Electrolítica (T1),12.8,12.6,0.2,1.2,0.0,2698.5,2695.7,705.6,870.9,0.0,100.0,100.0,22.0,37.0
2026-09-14T22:05:06,126.5,1,Limpieza Electrolítica (T1),12.6,12.6,0.3,1.3,0.0,2711.2,2708.4,705.9,872.2,0.0,100.0,100.0,24.0,39.0
2026-09-14T22:05:07,127.5,1,Limpieza Electrolítica (T1),12.4,12.5,0.2,1.1,0.0,2723.6,2720.9,706.1,873.3,0.0,100.0,100.0,23.0,36.0
2026-09-14T22:05:08,128.5,1,Limpieza Electrolítica (T1),12.1,12.2,0.3,1.2,0.0,2735.7,2733.1,706.4,874.5,0.0,100.0,100.0,24.0,38.0
2026-09-14T22:05:09,129.5,1,Limpieza Electrolítica (T1),12.2,12.2,0.1,1.2,0.0,2747.9,2745.3,706.5,875.7,0.0,100.0,100.0,22.0,38.0
2026-09-14T22:05:10,130.5,1,Limpieza Electrolítica (T1),11.9,12.0,0.1,1.1,0.0,2759.8,2757.3,706.6,876.8,0.0,100.0,100.0,20.0,36.0
2026-09-14T22:05:11,131.5,1,Limpieza Electrolítica (T1),11.9,11.8,0.1,1.1,0.0,2771.7,2769.1,706.7,877.9,0.0,100.0,100.0,21.0,36.0
2026-09-14T22:05:12,132.5,1,Limpieza Electrolítica (T1),11.6,11.6,0.3,1.1,0.0,2783.3,2780.7,707.0,879.0,0.0,100.0,100.0,24.0,37.0
2026-09-14T22:05:13,133.5,1,Limpieza Electrolítica (T1),11.6,11.4,0.3,1.1,0.0,2794.9,2792.1,707.3,880.1,0.0,100.0,100.0,24.0,36.0
2026-09-14T22:05:14,134.5,1,Limpieza Electrolítica (T1),11.5,11.4,0.1,1.2,0.0,2806.4,2803.5,707.4,881.3,0.0,100.0,100.0,21.0,37.0
2026-09-14T22:05:15,135.5,1,Limpieza Electrolítica (T1),11.1,11.3,0.2,1.1,0.0,2817.5,2814.8,707.6,882.4,0.0,100.0,100.0,23.0,36.0
2026-09-14T22:05:16,136.5,1,Limpieza Electrolítica (T1),11.2,11.1,0.3,1.2,0.0,2828.7,2825.9,707.9,883.6,0.0,100.0,100.0,23.0,37.0
2026-09-14T22:05:17,137.5,1,Limpieza Electrolítica (T1),11.1,10.9,0.2,1.1,0.0,2839.8,2836.8,708.1,884.7,0.0,100.0,100.0,22.0,36.0
2026-09-14T22:05:18,138.5,1,Limpieza Electrolítica (T1),10.9,10.7,0.1,1.1,0.0,2850.7,2847.5,708.2,885.8,0.0,100.0,100.0,21.0,36.0
2026-09-14T22:05:19,139.5,1,Limpieza Electrolítica (T1),10.6,10.8,0.2,1.0,0.0,2861.3,2858.3,708.4,886.8,0.0,100.0,100.0,22.0,35.0
2026-09-14T22:05:20,140.5,1,Limpieza Electrolítica (T1),10.6,10.5,0.1,1.0,0.0,2871.9,2868.8,708.5,887.8,0.0,100.0,100.0,21.0,34.0
2026-09-14T22:05:21,141.5,1,Limpieza Electrolítica (T1),10.5,10.3,0.2,1.0,0.0,2882.4,2879.1,708.7,888.8,0.0,100.0,100.0,23.0,35.0
2026-09-14T22:05:22,142.5,1,Limpieza Electrolítica (T1),10.3,10.2,0.3,1.0,0.0,2892.7,2889.3,709.0,889.8,0.0,100.0,100.0,24.0,35.0
2026-09-14T22:05:23,143.5,1,Limpieza Electrolítica (T1),10.1,10.1,0.2,1.0,0.0,2902.8,2899.4,709.2,890.8,0.0,100.0,100.0,22.0,35.0
2026-09-14T22:05:24,144.5,1,Limpieza Electrolítica (T1),10.1,10.1,0.3,1.1,0.0,2912.9,2909.5,709.5,891.9,0.0,100.0,100.0,24.0,36.0
2026-09-14T22:05:25,145.5,1,Limpieza Electrolítica (T1),9.9,10.0,0.3,1.1,0.0,2922.8,2919.5,709.8,893.0,0.0,100.0,100.0,24.0,36.0
2026-09-14T22:05:26,146.5,1,Limpieza Electrolítica (T1),9.8,9.7,0.1,1.0,0.0,2932.6,2929.2,709.9,894.0,0.0,100.0,100.0,20.0,34.0
2026-09-14T22:05:27,147.5,1,Limpieza Electrolítica (T1),9.7,9.5,0.3,0.9,0.0,2942.4,2938.7,710.2,894.9,0.0,100.0,100.0,24.0,33.0
2026-09-14T22:05:28,148.5,1,Limpieza Electrolítica (T1),9.5,9.5,0.1,0.9,0.0,2951.9,2948.3,710.3,895.8,0.0,100.0,100.0,21.0,32.0
2026-09-14T22:05:29,149.5,1,Limpieza Electrolítica (T1),9.5,9.5,0.2,1.0,0.0,2961.4,2957.8,710.5,896.8,0.0,100.0,100.0,22.0,34.0
2026-09-14T22:05:30,150.5,1,Limpieza Electrolítica (T1),9.2,9.3,0.1,0.8,0.0,2970.6,2967.1,710.6,897.6,0.0,100.0,100.0,21.0,32.0
2026-09-14T22:05:31,151.5,1,Limpieza Electrolítica (T1),9.1,9.3,0.2,0.9,0.0,2979.7,2976.4,710.8,898.5,0.0,100.0,100.0,22.0,33.0
2026-09-14T22:05:32,152.6,1,Limpieza Electrolítica (T1),9.2,9.1,0.1,0.8,0.0,2988.9,2985.5,710.9,899.3,0.0,100.0,100.0,21.0,32.0
2026-09-14T22:05:33,153.6,1,Limpieza Electrolítica (T1),9.0,9.1,0.1,0.8,0.0,2997.9,2994.6,711.0,900.1,0.0,100.0,100.0,22.0,32.0
2026-09-14T22:05:34,154.6,1,Limpieza Electrolítica (T1),9.0,8.7,0.2,0.9,0.0,3006.9,3003.3,711.2,901.0,0.0,100.0,100.0,22.0,33.0
2026-09-14T22:05:35,155.6,1,Limpieza Electrolítica (T1),8.7,8.8,0.3,0.9,0.0,3015.6,3012.1,711.5,901.9,0.0,100.0,100.0,24.0,33.0
2026-09-14T22:05:36,156.6,1,Limpieza Electrolítica (T1),8.5,8.6,0.2,0.9,0.0,3024.1,3020.7,711.7,902.8,0.0,100.0,100.0,22.0,33.0
2026-09-14T22:05:37,157.6,1,Limpieza Electrolítica (T1),8.4,8.5,0.0,0.8,0.0,3032.5,3029.2,711.7,903.6,0.0,100.0,100.0,20.0,32.0
2026-09-14T22:05:38,158.6,1,Limpieza Electrolítica (T1),8.4,8.4,0.0,0.9,0.0,3040.9,3037.6,711.7,904.5,0.0,100.0,100.0,19.0,33.0
2026-09-14T22:05:39,159.6,1,Limpieza Electrolítica (T1),8.4,8.4,0.0,0.7,0.0,3049.3,3046.0,711.7,905.2,0.0,100.0,100.0,20.0,30.0
2026-09-14T22:05:40,160.6,1,Limpieza Electrolítica (T1),8.3,8.3,0.1,0.9,0.0,3057.6,3054.3,711.8,906.1,0.0,100.0,100.0,21.0,33.0
2026-09-14T22:05:41,161.6,1,Limpieza Electrolítica (T1),8.2,8.2,0.2,0.8,0.0,3065.8,3062.5,712.0,906.9,0.0,100.0,100.0,23.0,32.0
2026-09-14T22:05:42,162.6,1,Limpieza Electrolítica (T1),7.9,8.1,0.2,0.8,0.0,3073.7,3070.6,712.2,907.7,0.0,100.0,100.0,22.0,32.0
2026-09-14T22:05:43,163.6,1,Limpieza Electrolítica (T1),8.0,7.9,0.1,0.9,0.0,3081.7,3078.5,712.3,908.6,0.0,100.0,100.0,21.0,33.0
2026-09-14T22:05:44,164.6,1,Limpieza Electrolítica (T1),7.9,7.7,0.1,0.6,0.0,3089.6,3086.2,712.4,909.2,0.0,100.0,100.0,21.0,29.0
2026-09-14T22:05:45,165.6,1,Limpieza Electrolítica (T1),7.8,7.6,0.1,0.7,0.0,3097.4,3093.8,712.5,909.9,0.0,100.0,100.0,21.0,30.0
2026-09-14T22:05:46,166.6,1,Limpieza Electrolítica (T1),7.5,7.6,0.1,0.8,0.0,3104.9,3101.4,712.6,910.7,0.0,100.0,100.0,21.0,32.0
2026-09-14T22:05:47,167.6,1,Limpieza Electrolítica (T1),7.4,7.6,0.0,0.7,0.0,3112.3,3109.0,712.6,911.4,0.0,100.0,100.0,19.0,31.0
2026-09-14T22:05:48,168.6,1,Limpieza Electrolítica (T1),7.3,7.5,0.1,0.6,0.0,3119.6,3116.5,712.7,912.0,0.0,100.0,100.0,21.0,29.0
2026-09-14T22:05:49,169.6,1,Limpieza Electrolítica (T1),7.4,7.2,0.1,0.8,0.0,3127.0,3123.7,712.8,912.8,0.0,100.0,100.0,22.0,32.0
2026-09-14T22:05:50,170.6,1,Limpieza Electrolítica (T1),7.4,7.2,0.2,0.7,0.0,3134.4,3130.9,713.0,913.5,0.0,100.0,100.0,22.0,30.0
2026-09-14T22:05:51,171.6,1,Limpieza Electrolítica (T1),7.1,7.1,0.2,0.6,0.0,3141.5,3138.0,713.2,914.1,0.0,100.0,100.0,22.0,28.0
2026-09-14T22:05:52,172.6,1,Limpieza Electrolítica (T1),7.2,7.0,0.2,0.7,0.0,3148.7,3145.0,713.4,914.8,0.0,100.0,100.0,22.0,30.0
2026-09-14T22:05:53,173.6,1,Limpieza Electrolítica (T1),7.1,7.0,0.2,0.6,0.0,3155.8,3152.0,713.6,915.4,0.0,100.0,100.0,23.0,29.0
2026-09-14T22:05:54,174.6,1,Limpieza Electrolítica (T1),6.8,6.8,0.1,0.6,0.0,3162.6,3158.8,713.7,916.0,0.0,100.0,100.0,22.0,28.0
2026-09-14T22:05:55,175.6,1,Limpieza Electrolítica (T1),6.8,6.7,0.1,0.7,0.0,3169.5,3165.5,713.8,916.7,0.0,100.0,100.0,21.0,30.0
2026-09-14T22:05:56,176.6,1,Limpieza Electrolítica (T1),6.6,6.8,0.0,0.6,0.0,3176.1,3172.4,713.8,917.3,0.0,100.0,100.0,20.0,29.0
2026-09-14T22:05:57,177.6,1,Limpieza Electrolítica (T1),6.6,6.6,0.0,0.6,0.0,3182.7,3179.0,713.8,917.9,0.0,100.0,100.0,20.0,28.0
2026-09-14T22:05:58,178.6,1,Limpieza Electrolítica (T1),6.6,6.6,0.2,0.5,0.0,3189.3,3185.6,714.0,918.4,0.0,100.0,100.0,22.0,27.0
2026-09-14T22:05:59,179.6,1,Limpieza Electrolítica (T1),6.4,6.6,0.1,0.5,0.0,3195.7,3192.2,714.1,918.9,0.0,100.0,100.0,21.0,27.0
2026-09-14T22:06:00,180.6,1,Limpieza Electrolítica (T1),6.2,6.3,0.2,0.8,0.0,3201.9,3198.5,714.3,919.7,0.0,100.0,100.0,23.0,31.0
2026-09-14T22:06:01,181.6,1,Limpieza Electrolítica (T1),6.2,6.3,0.2,0.6,0.0,3208.1,3204.8,714.5,920.3,0.0,100.0,100.0,23.0,29.0
2026-09-14T22:06:02,182.6,1,Limpieza Electrolítica (T1),6.1,6.3,0.0,0.5,0.0,3214.2,3211.1,714.5,920.8,0.0,100.0,100.0,19.0,27.0
2026-09-14T22:06:03,183.6,1,Limpieza Electrolítica (T1),6.1,6.1,0.2,0.5,0.0,3220.3,3217.2,714.7,921.3,0.0,100.0,100.0,22.0,27.0
2026-09-14T22:06:04,184.6,1,Limpieza Electrolítica (T1),6.2,5.9,0.2,0.7,0.0,3226.5,3223.1,714.9,922.0,0.0,100.0,100.0,22.0,30.0
2026-09-14T22:06:05,185.6,1,Limpieza Electrolítica (T1),6.0,6.0,0.2,0.7,0.0,3232.5,3229.1,715.1,922.7,0.0,100.0,100.0,23.0,30.0
2026-09-14T22:06:06,186.6,1,Limpieza Electrolítica (T1),6.0,5.8,0.2,0.6,0.0,3238.5,3234.9,715.3,923.3,0.0,100.0,100.0,22.0,29.0
2026-09-14T22:06:07,187.6,1,Limpieza Electrolítica (T1),5.8,5.7,0.2,0.7,0.0,3244.3,3240.6,715.5,924.0,0.0,100.0,100.0,22.0,30.0
2026-09-14T22:06:08,188.6,1,Limpieza Electrolítica (T1),5.7,5.9,0.1,0.7,0.0,3250.0,3246.5,715.6,924.7,0.0,100.0,100.0,21.0,30.0
2026-09-14T22:06:09,189.6,1,Limpieza Electrolítica (T1),5.8,5.8,0.1,0.6,0.0,3255.8,3252.3,715.7,925.3,0.0,100.0,100.0,22.0,28.0
2026-09-14T22:06:10,190.6,1,Limpieza Electrolítica (T1),5.5,5.5,0.1,0.5,0.0,3261.3,3257.8,715.8,925.8,0.0,100.0,100.0,22.0,27.0
2026-09-14T22:06:11,191.6,1,Limpieza Electrolítica (T1),5.7,5.4,0.1,0.5,0.0,3267.0,3263.2,715.9,926.3,0.0,100.0,100.0,21.0,26.0
2026-09-14T22:06:12,192.6,1,Limpieza Electrolítica (T1),5.5,5.4,0.0,0.7,0.0,3272.5,3268.6,715.9,927.0,0.0,100.0,100.0,19.0,30.0
2026-09-14T22:06:13,193.6,1,Limpieza Electrolítica (T1),5.6,5.4,0.2,0.5,0.0,3278.1,3274.0,716.1,927.5,0.0,100.0,100.0,22.0,27.0
2026-09-14T22:06:14,194.6,1,Limpieza Electrolítica (T1),5.3,5.3,0.1,0.5,0.0,3283.4,3279.3,716.2,928.0,0.0,99.0,98.0,22.0,27.0
2026-09-14T22:06:15,195.6,1,Limpieza Electrolítica (T1),5.3,5.3,0.2,0.5,0.0,3288.7,3284.6,716.4,928.5,0.0,100.0,100.0,23.0,27.0
2026-09-14T22:06:16,196.6,1,Limpieza Electrolítica (T1),5.3,5.2,0.0,0.5,0.0,3294.0,3289.8,716.4,929.0,0.0,99.0,98.0,20.0,27.0
2026-09-14T22:06:17,197.6,1,Limpieza Electrolítica (T1),5.3,5.2,0.2,0.6,0.0,3299.3,3295.0,716.6,929.6,0.0,99.0,98.0,22.0,28.0
2026-09-14T22:06:18,198.6,1,Limpieza Electrolítica (T1),5.1,5.1,0.0,0.6,0.0,3304.4,3300.1,716.6,930.2,0.0,96.0,96.0,20.0,29.0
2026-09-14T22:06:19,199.6,1,Limpieza Electrolítica (T1),4.9,5.1,0.0,0.6,0.0,3309.3,3305.2,716.6,930.8,0.0,93.0,96.0,19.0,29.0
2026-09-14T22:06:20,200.6,1,Limpieza Electrolítica (T1),5.0,4.9,0.2,0.5,0.0,3314.3,3310.1,716.8,931.3,0.0,94.0,94.0,22.0,27.0
2026-09-14T22:06:21,201.6,1,Limpieza Electrolítica (T1),4.9,4.8,0.1,0.5,0.0,3319.2,3314.9,716.9,931.8,0.0,93.0,91.0,20.0,26.0
2026-09-14T22:06:22,202.6,1,Limpieza Electrolítica (T1),4.8,4.8,0.2,0.3,0.0,3324.0,3319.7,717.1,932.1,0.0,92.0,91.0,23.0,24.0
2026-09-14T22:06:23,203.6,1,Limpieza Electrolítica (T1),4.7,4.8,0.1,0.6,0.0,3328.7,3324.5,717.2,932.7,0.0,90.0,92.0,22.0,29.0
2026-09-14T22:06:24,204.6,1,Limpieza Electrolítica (T1),4.7,4.7,0.2,0.3,0.0,3333.4,3329.2,717.4,933.0,0.0,90.0,90.0,22.0,24.0
2026-09-14T22:06:25,205.6,1,Limpieza Electrolítica (T1),4.8,4.5,0.0,0.4,0.0,3338.2,3333.7,717.4,933.4,0.0,91.0,88.0,19.0,26.0
2026-09-14T22:06:26,206.6,1,Limpieza Electrolítica (T1),4.6,4.5,0.2,0.3,0.0,3342.8,3338.2,717.6,933.7,0.0,89.0,88.0,23.0,25.0
2026-09-14T22:06:27,207.6,1,Limpieza Electrolítica (T1),4.6,4.7,0.1,0.3,0.0,3347.4,3342.9,717.7,934.0,0.0,89.0,89.0,21.0,25.0
2026-09-14T22:06:28,208.6,1,Limpieza Electrolítica (T1),4.4,4.4,0.0,0.5,0.0,3351.8,3347.3,717.7,934.5,0.0,85.0,86.0,19.0,27.0
2026-09-14T22:06:29,209.6,1,Limpieza Electrolítica (T1),4.5,4.6,0.0,0.5,0.0,3356.3,3351.9,717.7,935.0,0.0,88.0,88.0,19.0,27.0
2026-09-14T22:06:30,210.6,1,Limpieza Electrolítica (T1),4.5,4.2,0.2,0.3,0.0,3360.8,3356.1,717.9,935.3,0.0,87.0,83.0,22.0,24.0
2026-09-14T22:06:31,211.6,1,Limpieza Electrolítica (T1),4.4,4.4,0.0,0.4,0.0,3365.2,3360.5,717.9,935.7,0.0,85.0,85.0,19.0,26.0
2026-09-14T22:06:32,212.6,1,Limpieza Electrolítica (T1),4.3,4.1,0.1,0.4,0.0,3369.5,3364.6,718.0,936.1,0.0,85.0,82.0,20.0,25.0
2026-09-14T22:06:33,213.6,1,Limpieza Electrolítica (T1),4.1,4.3,0.2,0.4,0.0,3373.7,3368.9,718.2,936.5,0.0,81.0,84.0,23.0,25.0
2026-09-14T22:06:34,214.6,1,Limpieza Electrolítica (T1),4.2,4.2,0.1,0.3,0.0,3377.9,3373.2,718.3,936.8,0.0,82.0,82.0,21.0,24.0
2026-09-14T22:06:35,215.6,1,Limpieza Electrolítica (T1),4.2,4.2,0.1,0.5,0.0,3382.1,3377.4,718.4,937.3,0.0,83.0,83.0,22.0,27.0
2026-09-14T22:06:36,216.6,1,Limpieza Electrolítica (T1),4.2,4.1,0.2,0.4,0.0,3386.3,3381.5,718.6,937.7,0.0,83.0,81.0,22.0,25.0
2026-09-14T22:06:37,217.6,1,Limpieza Electrolítica (T1),4.1,4.0,-0.1,0.3,0.0,3390.4,3385.5,718.7,938.0,0.0,81.0,79.0,18.0,24.0
2026-09-14T22:06:38,218.6,1,Limpieza Electrolítica (T1),4.1,4.1,0.1,0.5,0.0,3394.5,3389.6,718.8,938.5,0.0,81.0,81.0,21.0,27.0
2026-09-14T22:06:39,219.6,1,Limpieza Electrolítica (T1),3.9,4.0,0.2,0.3,0.0,3398.4,3393.6,719.0,938.8,0.0,78.0,79.0,22.0,24.0
2026-09-14T22:06:40,220.6,1,Limpieza Electrolítica (T1),3.9,3.7,0.0,0.4,0.0,3402.3,3397.3,719.0,939.2,0.0,78.0,75.0,20.0,26.0
2026-09-14T22:06:41,221.6,1,Limpieza Electrolítica (T1),4.0,3.8,0.1,0.4,0.0,3406.3,3401.1,719.1,939.6,0.0,79.0,77.0,21.0,26.0
2026-09-14T22:06:42,222.6,1,Limpieza Electrolítica (T1),3.8,3.8,0.0,0.2,0.0,3410.1,3404.9,719.1,939.8,0.0,76.0,76.0,19.0,23.0
2026-09-14T22:06:43,223.6,1,Limpieza Electrolítica (T1),3.7,3.8,0.1,0.3,0.0,3413.8,3408.7,719.2,940.1,0.0,75.0,77.0,21.0,24.0
2026-09-14T22:06:44,224.6,1,Limpieza Electrolítica (T1),3.6,3.7,-0.1,0.3,0.0,3417.4,3412.4,719.3,940.4,0.0,74.0,76.0,19.0,24.0
2026-09-14T22:06:45,225.6,1,Limpieza Electrolítica (T1),3.7,3.5,0.1,0.3,0.0,3421.1,3415.9,719.4,940.7,0.0,75.0,72.0,21.0,24.0
2026-09-14T22:06:46,226.6,1,Limpieza Electrolítica (T1),3.5,3.6,0.1,0.3,0.0,3424.6,3419.5,719.5,941.0,0.0,72.0,73.0,21.0,24.0
2026-09-14T22:06:47,227.6,1,Limpieza Electrolítica (T1),3.4,3.6,0.0,0.5,0.0,3428.0,3423.1,719.5,941.5,0.0,70.0,74.0,20.0,26.0
2026-09-14T22:06:48,228.6,1,Limpieza Electrolítica (T1),3.5,3.6,-0.1,0.4,0.0,3431.5,3426.7,719.6,941.9,0.0,72.0,74.0,18.0,25.0
2026-09-14T22:06:49,229.6,1,Limpieza Electrolítica (T1),3.5,3.4,0.0,0.4,0.0,3435.0,3430.1,719.6,942.3,0.0,72.0,70.0,20.0,25.0
2026-09-14T22:06:50,230.6,1,Limpieza Electrolítica (T1),3.5,3.4,0.2,0.3,0.0,3438.5,3433.5,719.8,942.6,0.0,72.0,71.0,22.0,25.0
2026-09-14T22:06:51,231.6,1,Limpieza Electrolítica (T1),3.4,3.5,0.2,0.4,0.0,3441.9,3437.0,720.0,943.0,0.0,71.0,72.0,22.0,26.0
2026-09-14T22:06:52,232.6,1,Limpieza Electrolítica (T1),3.4,3.3,-0.1,0.5,0.0,3445.3,3440.3,720.1,943.5,0.0,71.0,70.0,18.0,26.0
2026-09-14T22:06:53,233.6,1,Limpieza Electrolítica (T1),3.2,3.1,0.2,0.3,0.0,3448.5,3443.4,720.3,943.8,0.0,68.0,67.0,22.0,24.0
2026-09-14T22:06:54,234.6,1,Limpieza Electrolítica (T1),3.1,3.3,0.1,0.2,0.0,3451.6,3446.7,720.4,944.0,0.0,67.0,70.0,22.0,22.0
2026-09-14T22:06:55,235.6,1,Limpieza Electrolítica (T1),3.1,3.3,0.2,0.3,0.0,3454.7,3450.0,720.6,944.3,0.0,65.0,69.0,22.0,24.0
2026-09-14T22:06:56,236.6,1,Limpieza Electrolítica (T1),3.2,3.1,0.0,0.4,0.0,3457.9,3453.1,720.6,944.7,0.0,68.0,67.0,19.0,25.0
2026-09-14T22:06:57,237.6,1,Limpieza Electrolítica (T1),3.2,3.3,0.2,0.4,0.0,3461.1,3456.4,720.8,945.1,0.0,67.0,69.0,22.0,26.0
2026-09-14T22:06:58,238.6,1,Limpieza Electrolítica (T1),3.0,3.2,0.0,0.4,0.0,3464.1,3459.6,720.8,945.5,0.0,64.0,67.0,19.0,26.0
2026-09-14T22:06:59,239.6,1,Limpieza Electrolítica (T1),2.9,3.1,0.2,0.4,0.0,3467.0,3462.7,721.0,945.9,0.0,63.0,66.0,22.0,26.0
2026-09-14T22:07:00,240.6,1,Limpieza Electrolítica (T1),2.9,3.0,0.2,0.2,0.0,3469.9,3465.7,721.2,946.1,0.0,63.0,65.0,22.0,22.0
2026-09-14T22:07:01,241.6,1,Limpieza Electrolítica (T1),3.0,2.9,0.2,0.3,0.0,3472.9,3468.6,721.4,946.4,0.0,65.0,63.0,22.0,24.0
2026-09-14T22:07:02,242.6,1,Limpieza Electrolítica (T1),2.9,3.0,0.0,0.4,0.0,3475.8,3471.6,721.4,946.8,0.0,63.0,65.0,20.0,25.0
2026-09-14T22:07:03,243.6,1,Limpieza Electrolítica (T1),2.8,2.9,0.1,0.4,0.0,3478.6,3474.5,721.5,947.2,0.0,62.0,63.0,22.0,26.0
2026-09-14T22:07:04,244.6,1,Limpieza Electrolítica (T1),2.7,2.9,0.0,0.4,0.0,3481.3,3477.4,721.5,947.6,0.0,60.0,63.0,19.0,26.0
2026-09-14T22:07:05,245.6,1,Limpieza Electrolítica (T1),2.8,2.9,0.2,0.3,0.0,3484.1,3480.3,721.7,947.9,0.0,62.0,64.0,22.0,24.0
2026-09-14T22:07:06,246.6,1,Limpieza Electrolítica (T1),2.8,2.9,0.0,0.2,0.0,3486.9,3483.2,721.7,948.1,0.0,61.0,63.0,19.0,23.0
2026-09-14T22:07:07,247.6,1,Limpieza Electrolítica (T1),2.7,2.7,0.2,0.1,0.0,3489.6,3485.9,721.9,948.2,0.0,60.0,59.0,22.0,22.0
2026-09-14T22:07:08,248.6,1,Limpieza Electrolítica (T1),2.7,2.8,0.0,0.2,0.0,3492.3,3488.7,721.9,948.4,0.0,61.0,62.0,19.0,23.0
2026-09-14T22:07:09,249.6,1,Limpieza Electrolítica (T1),2.6,2.8,-0.1,0.4,0.0,3494.9,3491.5,722.0,948.8,0.0,58.0,61.0,18.0,25.0
2026-09-14T22:07:10,250.6,1,Limpieza Electrolítica (T1),2.5,2.6,0.1,0.4,0.0,3497.4,3494.1,722.1,949.2,0.0,58.0,58.0,20.0,25.0
2026-09-14T22:07:11,251.6,1,Limpieza Electrolítica (T1),2.8,2.8,0.2,0.3,0.0,3500.2,3496.9,722.3,949.5,0.0,61.0,61.0,22.0,25.0
2026-09-14T22:07:12,252.6,1,Limpieza Electrolítica (T1),2.6,2.5,0.2,0.2,0.0,3502.8,3499.4,722.5,949.7,0.0,58.0,58.0,22.0,23.0
2026-09-14T22:07:13,253.6,1,Limpieza Electrolítica (T1),2.5,2.7,0.1,0.2,0.0,3505.3,3502.1,722.6,949.9,0.0,58.0,60.0,21.0,23.0
2026-09-14T22:07:14,254.6,1,Limpieza Electrolítica (T1),2.4,2.5,0.0,0.4,0.0,3507.7,3504.6,722.6,950.3,0.0,55.0,57.0,20.0,25.0
2026-09-14T22:07:15,255.6,1,Limpieza Electrolítica (T1),2.5,2.6,-0.1,0.3,0.0,3510.2,3507.2,722.7,950.6,0.0,57.0,58.0,18.0,23.0
2026-09-14T22:07:16,256.6,1,Limpieza Electrolítica (T1),2.6,2.6,0.2,0.2,0.0,3512.8,3509.8,722.9,950.8,0.0,58.0,58.0,22.0,22.0
2026-09-14T22:07:17,257.6,1,Limpieza Electrolítica (T1),2.5,2.5,0.1,0.3,0.0,3515.3,3512.3,723.0,951.1,0.0,57.0,57.0,20.0,24.0
2026-09-14T22:07:18,258.6,1,Limpieza Electrolítica (T1),2.5,2.3,0.2,0.2,0.0,3517.8,3514.6,723.2,951.3,0.0,57.0,54.0,22.0,22.0
2026-09-14T22:07:19,259.6,1,Limpieza Electrolítica (T1),2.3,2.4,0.0,0.2,0.0,3520.1,3517.0,723.2,951.5,0.0,53.0,55.0,20.0,22.0
2026-09-14T22:07:20,260.6,1,Limpieza Electrolítica (T1),2.3,2.3,0.1,0.2,0.0,3522.4,3519.3,723.3,951.7,0.0,54.0,54.0,22.0,22.0
2026-09-14T22:07:21,261.6,1,Limpieza Electrolítica (T1),2.3,2.4,0.2,0.3,0.0,3524.7,3521.7,723.5,952.0,0.0,54.0,56.0,22.0,24.0
2026-09-14T22:07:22,262.6,1,Limpieza Electrolítica (T1),2.2,2.4,0.0,0.2,0.0,3526.9,3524.1,723.5,952.2,0.0,53.0,55.0,20.0,23.0
2026-09-14T22:07:23,263.6,1,Limpieza Electrolítica (T1),2.2,2.2,0.1,0.2,0.0,3529.1,3526.3,723.6,952.4,0.0,53.0,52.0,21.0,22.0
2026-09-14T22:07:24,264.6,1,Limpieza Electrolítica (T1),2.3,2.1,-0.1,0.3,0.0,3531.4,3528.4,723.7,952.7,0.0,54.0,51.0,18.0,25.0
2026-09-14T22:07:25,265.6,1,Limpieza Electrolítica (T1),2.1,2.3,0.0,0.2,0.0,3533.5,3530.7,723.7,952.9,0.0,51.0,54.0,20.0,22.0
2026-09-14T22:07:26,266.6,1,Limpieza Electrolítica (T1),2.1,2.2,-0.1,0.1,0.0,3535.6,3532.9,723.8,953.0,0.0,51.0,52.0,19.0,21.0
2026-09-14T22:07:27,267.6,1,Limpieza Electrolítica (T1),2.3,2.1,0.1,0.1,0.0,3537.9,3535.0,723.9,953.1,0.0,53.0,50.0,21.0,21.0
2026-09-14T22:07:28,268.6,1,Limpieza Electrolítica (T1),2.1,2.0,0.2,0.1,0.0,3540.0,3537.0,724.1,953.2,0.0,50.0,49.0,22.0,21.0
2026-09-14T22:07:29,269.6,1,Limpieza Electrolítica (T1),2.2,2.2,-0.1,0.2,0.0,3542.2,3539.2,724.2,953.4,0.0,52.0,52.0,18.0,23.0
2026-09-14T22:07:30,270.6,1,Limpieza Electrolítica (T1),2.2,2.1,0.1,0.1,0.0,3544.4,3541.3,724.3,953.5,0.0,52.0,51.0,21.0,21.0
2026-09-14T22:07:31,271.6,1,Limpieza Electrolítica (T1),2.1,2.0,0.0,0.3,0.0,3546.5,3543.3,724.3,953.8,0.0,52.0,49.0,19.0,24.0
2026-09-14T22:07:32,272.6,1,Limpieza Electrolítica (T1),1.9,1.9,0.0,0.2,0.0,3548.4,3545.2,724.3,954.0,0.0,48.0,48.0,20.0,22.0
2026-09-14T22:07:33,273.6,1,Limpieza Electrolítica (T1),1.9,2.1,0.0,0.3,0.0,3550.3,3547.3,724.3,954.3,0.0,47.0,51.0,20.0,24.0
2026-09-14T22:07:34,274.6,1,Limpieza Electrolítica (T1),2.1,2.0,0.1,0.2,0.0,3552.4,3549.3,724.4,954.5,0.0,51.0,50.0,21.0,23.0
2026-09-14T22:07:35,275.6,1,Limpieza Electrolítica (T1),2.0,2.0,0.1,0.1,0.0,3554.4,3551.3,724.5,954.6,0.0,49.0,49.0,21.0,21.0
2026-09-14T22:07:36,276.6,1,Limpieza Electrolítica (T1),1.8,1.8,-0.1,0.1,0.0,3556.2,3553.1,724.6,954.7,0.0,46.0,47.0,18.0,21.0
2026-09-14T22:07:37,277.6,1,Limpieza Electrolítica (T1),1.8,1.8,0.1,0.2,0.0,3558.0,3554.9,724.7,954.9,0.0,47.0,46.0,21.0,22.0
2026-09-14T22:07:38,278.6,1,Limpieza Electrolítica (T1),2.0,1.7,0.1,0.1,0.0,3560.0,3556.6,724.8,955.0,0.0,49.0,46.0,21.0,21.0
2026-09-14T22:07:39,279.6,1,Limpieza Electrolítica (T1),1.8,1.8,0.1,0.0,0.0,3561.8,3558.4,724.9,955.0,0.0,46.0,46.0,20.0,20.0
2026-09-14T22:07:40,280.6,1,Limpieza Electrolítica (T1),1.8,2.0,0.1,0.2,0.0,3563.6,3560.4,725.0,955.2,0.0,46.0,49.0,21.0,22.0
2026-09-14T22:07:41,281.6,1,Limpieza Electrolítica (T1),1.9,1.7,0.0,0.2,0.0,3565.5,3562.1,725.0,955.4,0.0,48.0,46.0,20.0,23.0
2026-09-14T22:07:42,282.6,1,Limpieza Electrolítica (T1),1.8,1.7,0.1,0.1,0.0,3567.3,3563.8,725.1,955.5,0.0,47.0,45.0,20.0,20.0
2026-09-14T22:07:43,283.6,1,Limpieza Electrolítica (T1),1.8,1.8,0.0,0.1,0.0,3569.1,3565.6,725.1,955.6,0.0,47.0,46.0,19.0,21.0
2026-09-14T22:07:44,284.6,1,Limpieza Electrolítica (T1),1.7,1.7,-0.1,0.2,0.0,3570.8,3567.3,725.2,955.8,0.0,44.0,46.0,18.0,22.0
2026-09-14T22:07:45,285.6,1,Limpieza Electrolítica (T1),1.7,1.7,0.0,0.1,0.0,3572.5,3569.0,725.2,955.9,0.0,46.0,46.0,20.0,22.0
2026-09-14T22:07:46,286.6,1,Limpieza Electrolítica (T1),1.8,1.7,0.0,0.0,0.0,3574.3,3570.7,725.2,955.9,0.0,47.0,46.0,19.0,20.0
2026-09-14T22:07:47,287.6,1,Limpieza Electrolítica (T1),1.7,1.6,-0.1,0.2,0.0,3576.1,3572.3,725.3,956.1,0.0,45.0,43.0,18.0,22.0
2026-09-14T22:07:48,288.6,1,Limpieza Electrolítica (T1),1.6,1.7,-0.1,0.2,0.0,3577.7,3574.0,725.4,956.3,0.0,43.0,46.0,18.0,22.0
2026-09-14T22:07:49,289.6,1,Limpieza Electrolítica (T1),1.6,1.7,0.1,0.2,0.0,3579.3,3575.7,725.5,956.5,0.0,44.0,44.0,21.0,22.0
2026-09-14T22:07:50,290.6,1,Limpieza Electrolítica (T1),1.7,1.6,0.1,0.3,0.0,3581.0,3577.4,725.6,956.8,0.0,45.0,44.0,22.0,23.0
2026-09-14T22:07:51,291.6,1,Limpieza Electrolítica (T1),1.6,1.6,0.1,0.1,0.0,3582.6,3579.0,725.7,956.9,0.0,44.0,44.0,21.0,21.0
2026-09-14T22:07:52,292.6,1,Limpieza Electrolítica (T1),1.7,1.6,0.1,0.2,0.0,3584.3,3580.6,725.8,957.1,0.0,44.0,43.0,21.0,23.0
2026-09-14T22:07:53,293.6,1,Limpieza Electrolítica (T1),1.4,1.5,-0.1,0.3,0.0,3585.7,3582.1,725.9,957.4,0.0,41.0,41.0,19.0,23.0
2026-09-14T22:07:54,294.6,1,Limpieza Electrolítica (T1),1.6,1.5,0.1,0.3,0.0,3587.3,3583.6,726.0,957.7,0.0,43.0,42.0,22.0,23.0
2026-09-14T22:07:55,295.6,1,Limpieza Electrolítica (T1),1.5,1.7,0.1,0.1,0.0,3588.8,3585.3,726.1,957.8,0.0,41.0,44.0,21.0,20.0
2026-09-14T22:07:56,296.6,1,Limpieza Electrolítica (T1),1.4,1.4,0.1,0.1,0.0,3590.2,3586.7,726.2,957.9,0.0,40.0,41.0,20.0,22.0
2026-09-14T22:07:57,297.6,1,Limpieza Electrolítica (T1),1.4,1.6,0.1,0.1,0.0,3591.6,3588.3,726.3,958.0,0.0,41.0,44.0,21.0,20.0
2026-09-14T22:07:58,298.6,1,Limpieza Electrolítica (T1),1.5,1.5,0.1,0.2,0.0,3593.1,3589.8,726.4,958.2,0.0,41.0,42.0,22.0,22.0
2026-09-14T22:07:59,299.6,1,Limpieza Electrolítica (T1),1.3,1.4,0.1,0.2,0.0,3594.4,3591.2,726.5,958.4,0.0,40.0,41.0,22.0,23.0
2026-09-14T22:08:00,300.6,1,Limpieza Electrolítica (T1),1.4,1.5,-0.1,0.2,0.0,3595.8,3592.7,726.6,958.6,0.0,40.0,42.0,18.0,23.0
2026-09-14T22:08:01,301.6,1,Limpieza Electrolítica (T1),1.3,1.5,-0.1,0.1,0.0,3597.1,3594.2,726.7,958.7,0.0,39.0,42.0,18.0,21.0
2026-09-14T22:08:02,302.6,1,Limpieza Electrolítica (T1),1.4,1.4,-0.1,0.1,0.0,3598.5,3595.6,726.8,958.8,0.0,41.0,40.0,18.0,20.0
2026-09-14T22:08:03,303.6,1,Limpieza Electrolítica (T1),1.3,1.5,0.1,0.0,0.0,3599.8,3597.1,726.9,958.8,0.0,38.0,42.0,20.0,20.0
2026-09-14T22:08:04,304.6,1,Limpieza Electrolítica (T1),1.3,1.5,0.0,0.0,0.0,3601.1,3598.6,726.9,958.8,0.0,38.0,42.0,20.0,20.0
2026-09-14T22:08:05,305.6,1,Limpieza Electrolítica (T1),1.2,1.4,0.1,0.0,0.0,3602.3,3600.0,727.0,958.8,0.0,38.0,40.0,20.0,20.0
2026-09-14T22:08:06,306.6,1,Limpieza Electrolítica (T1),1.2,1.3,0.0,0.3,0.0,3603.5,3601.3,727.0,959.1,0.0,37.0,40.0,19.0,23.0
2026-09-14T22:08:07,307.6,1,Limpieza Electrolítica (T1),1.3,1.4,0.1,0.2,0.0,3604.8,3602.7,727.1,959.3,0.0,40.0,40.0,22.0,23.0
2026-09-14T22:08:08,308.6,1,Limpieza Electrolítica (T1),1.2,1.3,-0.1,0.1,0.0,3606.0,3604.0,727.2,959.4,0.0,38.0,40.0,19.0,21.0
2026-09-14T22:08:09,309.6,1,Limpieza Electrolítica (T1),1.2,1.2,0.0,0.0,0.0,3607.2,3605.2,727.2,959.4,0.0,37.0,38.0,20.0,19.0
2026-09-14T22:08:10,310.6,1,Limpieza Electrolítica (T1),1.2,1.3,0.0,0.3,0.0,3608.4,3606.5,727.2,959.7,0.0,37.0,39.0,20.0,24.0
2026-09-14T22:08:11,311.6,1,Limpieza Electrolítica (T1),1.4,1.2,0.1,0.2,0.0,3609.8,3607.7,727.3,959.9,0.0,40.0,37.0,21.0,22.0
2026-09-14T22:08:12,312.6,1,Limpieza Electrolítica (T1),1.1,1.3,0.0,0.0,0.0,3610.9,3609.0,727.3,959.9,0.0,36.0,40.0,20.0,20.0
2026-09-14T22:08:13,313.6,1,Limpieza Electrolítica (T1),1.3,1.1,0.0,0.1,0.0,3612.2,3610.1,727.3,960.0,0.0,40.0,36.0,20.0,21.0
2026-09-14T22:08:14,314.6,1,Limpieza Electrolítica (T1),1.0,1.2,-0.1,0.0,0.0,3613.2,3611.3,727.4,960.0,0.0,35.0,37.0,18.0,19.0
2026-09-14T22:08:15,315.6,1,Limpieza Electrolítica (T1),1.3,1.1,0.0,0.0,0.0,3614.5,3612.4,727.4,960.0,0.0,39.0,36.0,19.0,19.0
2026-09-14T22:08:16,316.6,1,Limpieza Electrolítica (T1),1.1,1.3,-0.1,0.1,0.0,3615.6,3613.7,727.5,960.1,0.0,36.0,39.0,18.0,21.0
2026-09-14T22:08:17,317.6,1,Limpieza Electrolítica (T1),1.3,1.1,0.1,0.2,0.0,3616.9,3614.8,727.6,960.3,0.0,38.0,36.0,21.0,22.0
2026-09-14T22:08:18,318.6,1,Limpieza Electrolítica (T1),1.2,1.3,0.1,0.3,0.0,3618.1,3616.1,727.7,960.6,0.0,37.0,38.0,21.0,23.0
2026-09-14T22:08:19,319.6,1,Limpieza Electrolítica (T1),1.1,1.1,-0.1,0.2,0.0,3619.2,3617.2,727.8,960.8,0.0,36.0,35.0,18.0,23.0
2026-09-14T22:08:20,320.6,1,Limpieza Electrolítica (T1),1.1,1.1,0.1,0.0,0.0,3620.3,3618.3,727.9,960.8,0.0,36.0,36.0,21.0,20.0
2026-09-14T22:08:21,321.6,1,Limpieza Electrolítica (T1),1.1,1.2,0.0,0.0,0.0,3621.4,3619.5,727.9,960.8,0.0,35.0,38.0,19.0,20.0
2026-09-14T22:08:22,322.6,1,Limpieza Electrolítica (T1),1.0,1.2,0.0,0.2,0.0,3622.4,3620.7,727.9,961.0,0.0,35.0,38.0,20.0,23.0
2026-09-14T22:08:23,323.6,1,Limpieza Electrolítica (T1),0.9,1.1,0.0,0.2,0.0,3623.3,3621.8,727.9,961.2,0.0,33.0,37.0,20.0,23.0
2026-09-14T22:08:24,324.6,1,Limpieza Electrolítica (T1),0.9,0.9,0.0,0.1,0.0,3624.2,3622.7,727.9,961.3,0.0,33.0,34.0,19.0,22.0
2026-09-14T22:08:25,325.6,1,Limpieza Electrolítica (T1),1.0,1.1,-0.1,0.0,0.0,3625.2,3623.8,728.0,961.3,0.0,34.0,35.0,18.0,19.0
2026-09-14T22:08:26,326.6,1,Limpieza Electrolítica (T1),1.1,0.9,-0.1,0.0,0.0,3626.3,3624.7,728.1,961.3,0.0,36.0,33.0,18.0,20.0
2026-09-14T22:08:27,327.6,1,Limpieza Electrolítica (T1),1.0,0.9,0.1,0.2,0.0,3627.3,3625.6,728.2,961.5,0.0,35.0,33.0,20.0,23.0
2026-09-14T22:08:28,328.6,1,Limpieza Electrolítica (T1),1.0,1.0,0.1,0.1,0.0,3628.3,3626.6,728.3,961.6,0.0,34.0,35.0,21.0,21.0
2026-09-14T22:08:29,329.6,1,Limpieza Electrolítica (T1),0.8,1.1,0.0,0.1,0.0,3629.1,3627.7,728.3,961.7,0.0,32.0,35.0,20.0,21.0
2026-09-14T22:08:30,330.6,1,Limpieza Electrolítica (T1),0.9,1.0,-0.1,0.1,0.0,3630.0,3628.7,728.4,961.8,0.0,32.0,34.0,18.0,21.0
2026-09-14T22:08:31,331.6,1,Limpieza Electrolítica (T1),1.1,0.9,-0.1,0.0,0.0,3631.1,3629.6,728.5,961.8,0.0,36.0,34.0,18.0,19.0
2026-09-14T22:08:32,332.6,1,Limpieza Electrolítica (T1),0.9,1.0,0.1,0.0,0.0,3632.0,3630.6,728.6,961.8,0.0,33.0,34.0,22.0,19.0
2026-09-14T22:08:33,333.6,1,Limpieza Electrolítica (T1),1.0,1.0,0.0,0.1,0.0,3633.0,3631.6,728.6,961.9,0.0,35.0,35.0,20.0,21.0
2026-09-14T22:08:34,334.6,1,Limpieza Electrolítica (T1),1.0,0.9,0.1,0.1,0.0,3634.0,3632.5,728.7,962.0,0.0,35.0,34.0,20.0,22.0
2026-09-14T22:08:35,335.6,1,Limpieza Electrolítica (T1),0.9,0.9,0.1,0.1,0.0,3634.9,3633.4,728.8,962.1,0.0,34.0,32.0,21.0,22.0
2026-09-14T22:08:36,336.6,1,Limpieza Electrolítica (T1),1.0,0.8,0.0,0.1,0.0,3635.9,3634.2,728.8,962.2,0.0,35.0,31.0,19.0,21.0
2026-09-14T22:08:37,337.6,1,Limpieza Electrolítica (T1),0.9,0.9,0.1,0.1,0.0,3636.8,3635.1,728.9,962.3,0.0,33.0,32.0,22.0,21.0
2026-09-14T22:08:38,338.6,1,Limpieza Electrolítica (T1),1.0,0.9,-0.1,0.1,0.0,3637.8,3636.0,729.0,962.4,0.0,34.0,33.0,18.0,20.0
2026-09-14T22:08:39,339.6,1,Limpieza Electrolítica (T1),0.8,0.8,0.0,0.1,0.0,3638.6,3636.8,729.0,962.5,0.0,31.0,31.0,20.0,21.0
2026-09-14T22:08:40,340.6,1,Limpieza Electrolítica (T1),1.0,0.7,0.2,0.0,0.0,3639.6,3637.5,729.2,962.5,0.0,34.0,31.0,22.0,19.0
2026-09-14T22:08:41,341.6,1,Limpieza Electrolítica (T1),0.7,0.8,0.1,0.2,0.0,3640.3,3638.3,729.3,962.7,0.0,30.0,31.0,21.0,23.0
2026-09-14T22:08:42,342.6,1,Limpieza Electrolítica (T1),0.8,0.9,0.2,0.2,0.0,3641.1,3639.2,729.5,962.9,0.0,32.0,34.0,22.0,23.0
2026-09-14T22:08:43,343.6,1,Limpieza Electrolítica (T1),0.8,0.9,0.1,0.0,0.0,3641.9,3640.1,729.6,962.9,0.0,32.0,34.0,22.0,19.0
2026-09-14T22:08:44,344.6,1,Limpieza Electrolítica (T1),1.0,0.9,-0.1,0.0,0.0,3642.9,3641.0,729.7,962.9,0.0,34.0,33.0,19.0,19.0
2026-09-14T22:08:45,345.6,1,Limpieza Electrolítica (T1),0.8,0.9,0.1,0.0,0.0,3643.7,3641.9,729.8,962.9,0.0,32.0,33.0,21.0,20.0
2026-09-14T22:08:46,346.6,1,Limpieza Electrolítica (T1),0.9,0.7,-0.1,0.1,0.0,3644.6,3642.6,729.9,963.0,0.0,32.0,29.0,17.0,21.0
2026-09-14T22:08:47,347.6,1,Limpieza Electrolítica (T1),0.7,0.7,0.1,0.1,0.0,3645.3,3643.3,730.0,963.1,0.0,30.0,30.0,20.0,21.0
2026-09-14T22:08:48,348.6,1,Limpieza Electrolítica (T1),0.7,0.9,-0.1,0.2,0.0,3646.0,3644.2,730.1,963.3,0.0,30.0,33.0,19.0,22.0
2026-09-14T22:08:49,349.6,1,Limpieza Electrolítica (T1),0.7,0.8,0.0,0.2,0.0,3646.7,3645.0,730.1,963.5,0.0,29.0,31.0,19.0,23.0
2026-09-14T22:08:50,350.6,1,Limpieza Electrolítica (T1),0.6,0.8,-0.1,0.0,0.0,3647.3,3645.8,730.2,963.5,0.0,29.0,31.0,19.0,20.0
2026-09-14T22:08:51,351.6,1,Limpieza Electrolítica (T1),0.7,0.7,0.1,0.1,0.0,3648.0,3646.5,730.3,963.6,0.0,30.0,30.0,21.0,20.0
2026-09-14T22:08:52,352.6,1,Limpieza Electrolítica (T1),0.9,0.6,0.0,-0.1,0.0,3648.9,3647.1,730.3,963.7,0.0,33.0,29.0,19.0,19.0
2026-09-14T22:08:53,353.6,1,Limpieza Electrolítica (T1),0.7,0.7,0.1,0.2,0.0,3649.6,3647.8,730.4,963.9,0.0,29.0,29.0,21.0,22.0
2026-09-14T22:08:54,354.6,1,Limpieza Electrolítica (T1),0.6,0.8,0.1,0.1,0.0,3650.2,3648.6,730.5,964.0,0.0,28.0,32.0,21.0,22.0
2026-09-14T22:08:55,355.6,1,Limpieza Electrolítica (T1),0.6,0.8,0.1,0.0,0.0,3650.8,3649.4,730.6,964.0,0.0,29.0,32.0,21.0,19.0
2026-09-14T22:08:56,356.6,1,Limpieza Electrolítica (T1),0.8,0.6,-0.1,0.1,0.0,3651.6,3650.0,730.7,964.1,0.0,31.0,28.0,19.0,21.0
2026-09-14T22:08:57,357.7,1,Limpieza Electrolítica (T1),0.7,0.7,-0.1,0.1,0.0,3652.3,3650.7,730.8,964.2,0.0,31.0,30.0,18.0,20.0
2026-09-14T22:08:59,358.7,1,Limpieza Electrolítica (T1),0.5,0.7,-0.1,0.0,0.0,3652.8,3651.4,730.9,964.2,0.0,28.0,30.0,18.0,20.0
2026-09-14T22:09:00,359.7,1,Limpieza Electrolítica (T1),0.8,0.7,0.1,0.1,0.0,3653.6,3652.1,731.0,964.3,0.0,32.0,31.0,21.0,20.0
2026-09-14T22:09:01,360.7,1,Limpieza Electrolítica (T1),0.6,0.7,0.0,0.0,0.0,3654.2,3652.8,731.0,964.3,0.0,28.0,30.0,19.0,20.0
2026-09-14T22:09:02,361.7,1,Limpieza Electrolítica (T1),0.7,0.8,-0.1,0.0,0.0,3654.9,3653.6,731.1,964.3,0.0,30.0,31.0,18.0,20.0
2026-09-14T22:09:03,362.7,1,Limpieza Electrolítica (T1),0.7,0.6,0.0,0.1,0.0,3655.6,3654.2,731.1,964.4,0.0,30.0,28.0,19.0,21.0
2026-09-14T22:09:04,363.7,1,Limpieza Electrolítica (T1),0.7,0.6,0.1,0.2,0.0,3656.3,3654.8,731.2,964.6,0.0,31.0,28.0,21.0,22.0
2026-09-14T22:09:05,364.7,1,Limpieza Electrolítica (T1),0.5,0.5,-0.1,-0.1,0.0,3656.8,3655.3,731.3,964.7,0.0,27.0,28.0,18.0,18.0
2026-09-14T22:09:06,365.7,1,Limpieza Electrolítica (T1),0.7,0.7,-0.1,0.0,0.0,3657.5,3656.0,731.4,964.7,0.0,31.0,30.0,18.0,20.0
2026-09-14T22:09:07,366.7,1,Limpieza Electrolítica (T1),0.6,0.6,0.0,0.2,0.0,3658.1,3656.6,731.4,964.9,0.0,28.0,28.0,19.0,22.0
2026-09-14T22:09:08,367.7,1,Limpieza Electrolítica (T1),0.5,0.5,0.0,0.0,0.0,3658.6,3657.1,731.4,964.9,0.0,27.0,27.0,19.0,19.0
2026-09-14T22:09:09,368.7,1,Limpieza Electrolítica (T1),0.7,0.5,0.2,0.2,0.0,3659.3,3657.6,731.6,965.1,0.0,30.0,27.0,22.0,23.0
2026-09-14T22:09:10,369.7,1,Limpieza Electrolítica (T1),0.7,0.7,0.0,0.0,0.0,3660.0,3658.3,731.6,965.1,0.0,30.0,31.0,20.0,20.0
2026-09-14T22:09:11,370.7,1,Limpieza Electrolítica (T1),0.5,0.7,0.0,0.1,0.0,3660.5,3659.0,731.6,965.2,0.0,27.0,30.0,20.0,21.0
2026-09-14T22:09:12,371.7,1,Limpieza Electrolítica (T1),0.7,0.5,0.0,0.0,0.0,3661.2,3659.5,731.6,965.2,0.0,30.0,28.0,20.0,20.0
2026-09-14T22:09:13,372.7,1,Limpieza Electrolítica (T1),0.7,0.6,-0.1,-0.1,0.0,3661.9,3660.1,731.7,965.3,0.0,30.0,28.0,19.0,19.0
2026-09-14T22:09:14,373.7,1,Limpieza Electrolítica (T1),0.5,0.6,0.0,0.1,0.0,3662.4,3660.7,731.7,965.4,0.0,27.0,28.0,20.0,21.0
2026-09-14T22:09:15,374.7,1,Limpieza Electrolítica (T1),0.4,0.4,0.0,0.2,0.0,3662.8,3661.1,731.7,965.6,0.0,26.0,26.0,20.0,22.0
2026-09-14T22:09:16,375.7,1,Limpieza Electrolítica (T1),0.5,0.5,0.0,-0.1,0.0,3663.3,3661.6,731.7,965.7,0.0,26.0,27.0,20.0,18.0
2026-09-14T22:09:17,376.7,1,Limpieza Electrolítica (T1),0.6,0.6,0.1,0.2,0.0,3663.9,3662.2,731.8,965.9,0.0,28.0,29.0,21.0,23.0
2026-09-14T22:09:18,377.7,1,Limpieza Electrolítica (T1),0.6,0.5,-0.1,0.2,0.0,3664.5,3662.7,731.9,966.1,0.0,29.0,26.0,19.0,22.0
2026-09-14T22:09:19,378.7,1,Limpieza Electrolítica (T1),0.4,0.5,0.0,0.0,0.0,3664.9,3663.2,731.9,966.1,0.0,26.0,27.0,20.0,19.0
2026-09-14T22:09:20,379.7,1,Limpieza Electrolítica (T1),0.7,0.7,0.1,-0.1,0.0,3665.6,3663.9,732.0,966.2,0.0,29.0,29.0,21.0,18.0
2026-09-14T22:09:21,380.7,1,Limpieza Electrolítica (T1),0.7,0.4,0.1,0.1,0.0,3666.3,3664.3,732.1,966.3,0.0,29.0,25.0,22.0,21.0
2026-09-14T22:09:22,381.7,1,Limpieza Electrolítica (T1),0.4,0.5,0.0,0.2,0.0,3666.7,3664.8,732.1,966.5,0.0,26.0,27.0,19.0,22.0
2026-09-14T22:09:23,382.7,1,Limpieza Electrolítica (T1),0.4,0.6,0.1,0.1,0.0,3667.1,3665.4,732.2,966.6,0.0,25.0,29.0,20.0,21.0
2026-09-14T22:09:24,383.7,1,Limpieza Electrolítica (T1),0.6,0.4,0.1,0.2,0.0,3667.7,3665.8,732.3,966.8,0.0,29.0,25.0,21.0,22.0
2026-09-14T22:09:25,384.7,1,Limpieza Electrolítica (T1),0.4,0.5,-0.1,0.2,0.0,3668.1,3666.3,732.4,967.0,0.0,26.0,26.0,18.0,22.0
2026-09-14T22:09:26,385.7,1,Limpieza Electrolítica (T1),0.4,0.4,0.1,0.0,0.0,3668.5,3666.7,732.5,967.0,0.0,25.0,26.0,21.0,20.0
2026-09-14T22:09:27,386.7,1,Limpieza Electrolítica (T1),0.5,0.4,-0.1,0.0,0.0,3669.0,3667.1,732.6,967.0,0.0,27.0,25.0,17.0,20.0
2026-09-14T22:09:28,387.7,1,Limpieza Electrolítica (T1),0.5,0.6,0.0,0.0,0.0,3669.5,3667.7,732.6,967.0,0.0,27.0,28.0,19.0,20.0
2026-09-14T22:09:29,388.7,1,Limpieza Electrolítica (T1),0.5,0.5,-0.1,-0.1,0.0,3670.0,3668.2,732.7,967.1,0.0,27.0,28.0,19.0,19.0
2026-09-14T22:09:30,389.7,1,Limpieza Electrolítica (T1),0.5,0.6,0.0,0.0,0.0,3670.5,3668.8,732.7,967.1,0.0,27.0,28.0,20.0,19.0
2026-09-14T22:09:31,390.7,1,Limpieza Electrolítica (T1),0.5,0.3,-0.1,0.0,0.0,3671.0,3669.1,732.8,967.1,0.0,27.0,25.0,18.0,19.0
2026-09-14T22:09:32,391.7,1,Limpieza Electrolítica (T1),0.4,0.4,-0.1,0.2,0.0,3671.4,3669.5,732.9,967.3,0.0,26.0,25.0,19.0,22.0
2026-09-14T22:09:33,392.7,1,Limpieza Electrolítica (T1),0.3,0.3,-0.1,0.0,0.0,3671.7,3669.8,733.0,967.3,0.0,24.0,24.0,18.0,20.0
2026-09-14T22:09:34,393.7,1,Limpieza Electrolítica (T1),0.4,0.3,0.0,0.1,0.0,3672.1,3670.1,733.0,967.4,0.0,25.0,24.0,19.0,21.0
2026-09-14T22:09:35,394.7,1,Limpieza Electrolítica (T1),0.4,0.4,0.0,0.0,0.0,3672.5,3670.5,733.0,967.4,0.0,25.0,25.0,19.0,19.0
2026-09-14T22:09:36,395.7,1,Limpieza Electrolítica (T1),0.6,0.4,0.0,0.0,0.0,3673.1,3670.9,733.0,967.4,0.0,28.0,25.0,20.0,19.0
2026-09-14T22:09:37,396.7,1,Limpieza Electrolítica (T1),0.5,0.5,-0.1,0.0,0.0,3673.6,3671.4,733.1,967.4,0.0,27.0,27.0,18.0,20.0
2026-09-14T22:09:38,397.7,1,Limpieza Electrolítica (T1),0.4,0.6,-0.1,0.1,0.0,3674.0,3672.0,733.2,967.5,0.0,26.0,28.0,18.0,21.0
2026-09-14T22:09:39,398.7,1,Limpieza Electrolítica (T1),0.5,0.4,-0.1,0.2,0.0,3674.5,3672.4,733.3,967.7,0.0,27.0,26.0,17.0,22.0
2026-09-14T22:09:40,399.7,1,Limpieza Electrolítica (T1),0.5,0.3,0.0,0.0,0.0,3675.0,3672.7,733.3,967.7,0.0,26.0,24.0,20.0,20.0
2026-09-14T22:09:41,400.7,1,Limpieza Electrolítica (T1),0.4,0.3,0.0,0.2,0.0,3675.4,3673.0,733.3,967.9,0.0,26.0,25.0,20.0,22.0
2026-09-14T22:09:42,401.7,1,Limpieza Electrolítica (T1),0.3,0.4,0.1,0.1,0.0,3675.7,3673.4,733.4,968.0,0.0,24.0,25.0,20.0,22.0
2026-09-14T22:09:43,402.7,1,Limpieza Electrolítica (T1),0.5,0.3,0.0,0.1,0.0,3676.2,3673.7,733.4,968.1,0.0,27.0,24.0,20.0,21.0
