Timestamp_ISO,Tiempo_Relativo_s,Canal,pH_Medido,Voltaje_Sonda_V,Voltaje_Sonda_mV,Criterio_Estable_3s
2026-09-17T16:46:17,50.02,A1,5.86,1.811,1811.0,0
2026-09-17T16:46:17,50.31,A1,5.86,1.811,1811.0,0
2026-09-17T16:46:17,50.59,A1,5.86,1.811,1811.0,0
2026-09-17T16:46:17,50.9,A1,5.86,1.811,1811.0,0
2026-09-17T16:46:18,51.2,A1,5.86,1.811,1811.0,0
2026-09-17T16:46:18,51.48,A1,5.86,1.811,1811.0,0
2026-09-17T16:46:18,51.77,A1,5.86,1.811,1811.0,0
2026-09-17T16:46:19,52.06,A1,5.86,1.811,1811.0,0
2026-09-17T16:46:19,52.35,A1,5.86,1.811,1811.0,0
2026-09-17T16:46:19,52.63,A1,5.86,1.811,1811.0,0
2026-09-17T16:46:20,52.93,A1,5.86,1.811,1811.0,0
2026-09-17T16:46:20,53.24,A1,5.86,1.811,1811.0,0
2026-09-17T16:46:20,53.53,A1,5.86,1.811,1811.0,0
2026-09-17T16:46:20,53.83,A1,5.86,1.811,1811.0,0
2026-09-17T16:46:21,54.12,A1,5.86,1.811,1811.0,0
2026-09-17T16:46:21,54.42,A1,5.86,1.811,1811.0,0
2026-09-17T16:46:21,54.72,A1,5.86,1.811,1811.0,0
2026-09-17T16:46:22,55.01,A1,5.86,1.811,1811.0,0
2026-09-17T16:46:22,55.3,A1,5.86,1.811,1811.0,0
2026-09-17T16:46:22,55.59,A1,5.86,1.811,1811.0,0
2026-09-17T16:46:22,55.88,A1,5.86,1.811,1811.0,0
2026-09-17T16:46:23,56.19,A1,5.86,1.811,1811.0,0
2026-09-17T16:46:23,56.49,A1,5.86,1.811,1811.0,0
2026-09-17T16:46:23,56.78,A1,5.86,1.811,1811.0,0
2026-09-17T16:46:24,57.06,A1,5.86,1.811,1811.0,0
2026-09-17T16:46:24,57.36,A1,5.86,1.811,1811.0,0
2026-09-17T16:46:24,57.65,A1,5.86,1.811,1811.0,0
2026-09-17T16:46:25,57.94,A1,5.86,1.812,1812.0,0
2026-09-17T16:46:25,58.23,A1,5.86,1.812,1812.0,0
2026-09-17T16:46:25,58.53,A1,5.86,1.812,1812.0,0
2026-09-17T16:46:25,58.82,A1,5.86,1.812,1812.0,0
2026-09-17T16:46:26,59.1,A1,5.86,1.813,1813.0,0
2026-09-17T16:46:26,59.41,A1,5.86,1.813,1813.0,0
2026-09-17T16:46:26,59.69,A1,5.86,1.813,1813.0,0
2026-09-17T16:46:27,60.0,A1,5.86,1.813,1813.0,0
2026-09-17T16:46:27,60.3,A1,5.85,1.813,1813.0,0
2026-09-17T16:46:27,60.6,A1,5.85,1.813,1813.0,0
2026-09-17T16:46:27,60.89,A1,5.85,1.814,1814.0,0
2026-09-17T16:46:28,61.17,A1,5.85,1.815,1815.0,0
2026-09-17T16:46:28,61.48,A1,5.85,1.815,1815.0,0
2026-09-17T16:46:28,61.77,A1,5.84,1.816,1816.0,0
2026-09-17T16:46:29,62.09,A1,5.84,1.816,1816.0,0
2026-09-17T16:46:29,62.38,A1,5.84,1.816,1816.0,0
2026-09-17T16:46:29,62.68,A1,5.84,1.816,1816.0,0
2026-09-17T16:46:30,62.98,A1,5.83,1.817,1817.0,0
2026-09-17T16:46:30,63.27,A1,5.83,1.817,1817.0,0
2026-09-17T16:46:30,63.57,A1,5.83,1.818,1818.0,0
2026-09-17T16:46:30,63.86,A1,5.83,1.818,1818.0,0
2026-09-17T16:46:31,64.15,A1,5.82,1.819,1819.0,0
2026-09-17T16:46:31,64.43,A1,5.82,1.819,1819.0,0
2026-09-17T16:46:31,64.72,A1,5.82,1.819,1819.0,0
2026-09-17T16:46:32,65.02,A1,5.82,1.819,1819.0,0
2026-09-17T16:46:32,65.31,A1,5.81,1.82,1820.0,0
2026-09-17T16:46:32,65.6,A1,5.81,1.821,1821.0,0
2026-09-17T16:46:32,65.89,A1,5.8,1.821,1821.0,0
2026-09-17T16:46:33,66.18,A1,5.8,1.822,1822.0,0
2026-09-17T16:46:33,66.47,A1,5.8,1.822,1822.0,0
2026-09-17T16:46:33,66.77,A1,5.8,1.822,1822.0,0
2026-09-17T16:46:34,67.07,A1,5.79,1.823,1823.0,0
2026-09-17T16:46:34,67.37,A1,5.79,1.823,1823.0,0
2026-09-17T16:46:34,67.67,A1,5.78,1.823,1823.0,0
2026-09-17T16:46:35,67.98,A1,5.78,1.824,1824.0,0
2026-09-17T16:46:35,68.28,A1,5.78,1.824,1824.0,0
2026-09-17T16:46:35,68.58,A1,5.77,1.824,1824.0,0
2026-09-17T16:46:35,68.88,A1,5.77,1.824,1824.0,0
2026-09-17T16:46:36,69.18,A1,5.77,1.824,1824.0,0
2026-09-17T16:46:36,69.48,A1,5.77,1.825,1825.0,0
2026-09-17T16:46:36,69.79,A1,5.76,1.825,1825.0,0
2026-09-17T16:46:37,70.07,A1,5.76,1.825,1825.0,0
2026-09-17T16:46:37,70.36,A1,5.76,1.825,1825.0,0
2026-09-17T16:46:37,70.65,A1,5.76,1.825,1825.0,0
2026-09-17T16:46:38,70.94,A1,5.76,1.825,1825.0,0
2026-09-17T16:46:38,71.23,A1,5.76,1.825,1825.0,0
2026-09-17T16:46:38,71.52,A1,5.75,1.825,1825.0,0
2026-09-17T16:46:38,71.83,A1,5.75,1.825,1825.0,0
2026-09-17T16:46:39,72.11,A1,5.75,1.825,1825.0,0
2026-09-17T16:46:39,72.41,A1,5.75,1.825,1825.0,0
2026-09-17T16:46:39,72.7,A1,5.75,1.825,1825.0,0
2026-09-17T16:46:40,73.0,A1,5.75,1.825,1825.0,0
2026-09-17T16:46:40,73.3,A1,5.75,1.825,1825.0,0
2026-09-17T16:46:40,73.61,A1,5.75,1.825,1825.0,0
2026-09-17T16:46:40,73.91,A1,5.75,1.825,1825.0,0
2026-09-17T16:46:41,74.19,A1,5.75,1.825,1825.0,0
2026-09-17T16:46:41,74.48,A1,5.75,1.825,1825.0,0
2026-09-17T16:46:41,74.77,A1,5.75,1.825,1825.0,0
2026-09-17T16:46:42,75.05,A1,5.75,1.825,1825.0,0
2026-09-17T16:46:42,75.36,A1,5.74,1.825,1825.0,0
2026-09-17T16:46:42,75.66,A1,5.74,1.825,1825.0,0
2026-09-17T16:46:43,75.94,A1,5.74,1.825,1825.0,0
2026-09-17T16:46:43,76.23,A1,5.74,1.825,1825.0,0
2026-09-17T16:46:43,76.52,A1,5.74,1.825,1825.0,0
2026-09-17T16:46:43,76.8,A1,5.74,1.826,1826.0,0
2026-09-17T16:46:44,77.1,A1,5.74,1.826,1826.0,0
2026-09-17T16:46:44,77.4,A1,5.74,1.826,1826.0,0
2026-09-17T16:46:44,77.69,A1,5.74,1.826,1826.0,0
2026-09-17T16:46:45,77.98,A1,5.74,1.826,1826.0,0
2026-09-17T16:46:45,78.28,A1,5.74,1.826,1826.0,0
2026-09-17T16:46:45,78.57,A1,5.74,1.826,1826.0,0
2026-09-17T16:46:45,78.87,A1,5.74,1.826,1826.0,0
2026-09-17T16:46:46,79.15,A1,5.74,1.826,1826.0,0
2026-09-17T16:46:46,79.45,A1,5.74,1.826,1826.0,0
2026-09-17T16:46:46,79.74,A1,5.74,1.826,1826.0,0
2026-09-17T16:46:47,80.03,A1,5.74,1.826,1826.0,0
2026-09-17T16:46:47,80.33,A1,5.74,1.826,1826.0,0
2026-09-17T16:46:47,80.62,A1,5.74,1.826,1826.0,0
2026-09-17T16:46:48,80.92,A1,5.74,1.826,1826.0,0
2026-09-17T16:46:48,81.22,A1,5.74,1.826,1826.0,0
2026-09-17T16:46:48,81.52,A1,5.74,1.826,1826.0,0
2026-09-17T16:46:48,81.81,A1,5.74,1.826,1826.0,0
2026-09-17T16:46:49,82.1,A1,5.74,1.826,1826.0,0
2026-09-17T16:46:49,82.39,A1,5.74,1.826,1826.0,0
2026-09-17T16:46:49,82.67,A1,5.74,1.826,1826.0,0
2026-09-17T16:46:50,82.96,A1,5.74,1.826,1826.0,0
2026-09-17T16:46:50,83.25,A1,5.74,1.826,1826.0,0
2026-09-17T16:46:50,83.54,A1,5.74,1.826,1826.0,0
2026-09-17T16:46:50,83.84,A1,5.74,1.826,1826.0,0
2026-09-17T16:46:51,84.14,A1,5.74,1.826,1826.0,0
2026-09-17T16:46:51,84.44,A1,5.74,1.826,1826.0,0
2026-09-17T16:46:51,84.73,A1,5.74,1.826,1826.0,0
2026-09-17T16:46:52,85.02,A1,5.74,1.826,1826.0,0
2026-09-17T16:46:52,85.3,A1,5.74,1.826,1826.0,0
2026-09-17T16:46:52,85.59,A1,5.74,1.826,1826.0,0
2026-09-17T16:46:52,85.88,A1,5.74,1.826,1826.0,0
2026-09-17T16:46:53,86.17,A1,5.74,1.826,1826.0,0
2026-09-17T16:46:53,86.47,A1,5.74,1.825,1825.0,0
2026-09-17T16:46:53,86.75,A1,5.74,1.826,1826.0,0
2026-09-17T16:46:54,87.04,A1,5.74,1.826,1826.0,0
2026-09-17T16:46:54,87.33,A1,5.74,1.826,1826.0,0
2026-09-17T16:46:54,87.63,A1,5.74,1.826,1826.0,0
2026-09-17T16:46:55,87.92,A1,5.74,1.826,1826.0,0
2026-09-17T16:46:55,88.22,A1,5.74,1.826,1826.0,0
2026-09-17T16:46:55,88.52,A1,5.74,1.826,1826.0,0
2026-09-17T16:46:55,88.83,A1,5.74,1.826,1826.0,0
2026-09-17T16:46:56,89.11,A1,5.74,1.825,1825.0,0
2026-09-17T16:46:56,89.4,A1,5.74,1.825,1825.0,0
2026-09-17T16:46:56,89.69,A1,5.74,1.825,1825.0,0
2026-09-17T16:46:57,89.98,A1,5.74,1.825,1825.0,0
2026-09-17T16:46:57,90.28,A1,5.74,1.825,1825.0,0
2026-09-17T16:46:57,90.56,A1,5.74,1.825,1825.0,0
2026-09-17T16:46:57,90.85,A1,5.74,1.825,1825.0,0
2026-09-17T16:46:58,91.14,A1,5.74,1.825,1825.0,0
2026-09-17T16:46:58,91.42,A1,5.74,1.825,1825.0,0
2026-09-17T16:46:58,91.71,A1,5.74,1.825,1825.0,0
2026-09-17T16:46:59,92.0,A1,5.74,1.825,1825.0,0
2026-09-17T16:46:59,92.3,A1,5.74,1.825,1825.0,0
2026-09-17T16:46:59,92.6,A1,5.74,1.825,1825.0,0
2026-09-17T16:46:59,92.89,A1,5.74,1.825,1825.0,0
2026-09-17T16:47:00,93.18,A1,5.74,1.825,1825.0,0
2026-09-17T16:47:00,93.48,A1,5.74,1.825,1825.0,0
2026-09-17T16:47:00,93.76,A1,5.74,1.825,1825.0,0
2026-09-17T16:47:01,94.05,A1,5.74,1.825,1825.0,0
2026-09-17T16:47:01,94.35,A1,5.74,1.825,1825.0,0
2026-09-17T16:47:01,94.63,A1,5.74,1.825,1825.0,0
2026-09-17T16:47:02,94.94,A1,5.74,1.825,1825.0,0
2026-09-17T16:47:02,95.24,A1,5.74,1.825,1825.0,0
2026-09-17T16:47:02,95.52,A1,5.74,1.825,1825.0,0
2026-09-17T16:47:02,95.83,A1,5.74,1.825,1825.0,0
2026-09-17T16:47:03,96.11,A1,5.74,1.825,1825.0,0
2026-09-17T16:47:03,96.4,A1,5.74,1.825,1825.0,0
2026-09-17T16:47:03,96.69,A1,5.74,1.825,1825.0,0
2026-09-17T16:47:04,96.98,A1,5.74,1.825,1825.0,0
2026-09-17T16:47:04,97.26,A1,5.74,1.825,1825.0,0
2026-09-17T16:47:04,97.55,A1,5.74,1.825,1825.0,0
2026-09-17T16:47:04,97.85,A1,5.74,1.825,1825.0,0
2026-09-17T16:47:05,98.14,A1,5.74,1.825,1825.0,0
2026-09-17T16:47:05,98.43,A1,5.74,1.825,1825.0,0
2026-09-17T16:47:05,98.73,A1,5.74,1.825,1825.0,0
2026-09-17T16:47:06,99.02,A1,5.74,1.825,1825.0,0
2026-09-17T16:47:06,99.31,A1,5.74,1.825,1825.0,0
2026-09-17T16:47:06,99.6,A1,5.74,1.825,1825.0,0
2026-09-17T16:47:06,99.91,A1,5.74,1.825,1825.0,0
2026-09-17T16:47:07,100.19,A1,5.74,1.825,1825.0,0
2026-09-17T16:47:07,100.48,A1,5.74,1.825,1825.0,0
2026-09-17T16:47:07,100.78,A1,5.74,1.825,1825.0,0
2026-09-17T16:47:08,101.07,A1,5.74,1.825,1825.0,0
2026-09-17T16:47:08,101.35,A1,5.74,1.825,1825.0,0
2026-09-17T16:47:08,101.65,A1,5.74,1.825,1825.0,0
2026-09-17T16:47:09,101.94,A1,5.74,1.825,1825.0,0
2026-09-17T16:47:09,102.24,A1,5.74,1.825,1825.0,0
2026-09-17T16:47:09,102.53,A1,5.74,1.825,1825.0,0
2026-09-17T16:47:09,102.82,A1,5.74,1.825,1825.0,0
2026-09-17T16:47:10,103.12,A1,5.74,1.825,1825.0,0
2026-09-17T16:47:10,103.41,A1,5.74,1.825,1825.0,0
2026-09-17T16:47:10,103.7,A1,5.74,1.825,1825.0,0
2026-09-17T16:47:11,103.99,A1,5.74,1.825,1825.0,0
2026-09-17T16:47:11,104.28,A1,5.74,1.825,1825.0,0
2026-09-17T16:47:11,104.57,A1,5.74,1.825,1825.0,0
2026-09-17T16:47:11,104.87,A1,5.74,1.825,1825.0,0
2026-09-17T16:47:12,105.16,A1,5.74,1.825,1825.0,0
2026-09-17T16:47:12,105.45,A1,5.74,1.825,1825.0,0
2026-09-17T16:47:12,105.73,A1,5.74,1.825,1825.0,0
2026-09-17T16:47:13,106.02,A1,5.74,1.825,1825.0,0
2026-09-17T16:47:13,106.31,A1,5.74,1.825,1825.0,0
2026-09-17T16:47:13,106.62,A1,5.74,1.825,1825.0,0
2026-09-17T16:47:14,106.93,A1,5.74,1.825,1825.0,0
2026-09-17T16:47:14,107.22,A1,5.74,1.825,1825.0,0
2026-09-17T16:47:14,107.51,A1,5.74,1.825,1825.0,0
2026-09-17T16:47:14,107.81,A1,5.74,1.825,1825.0,0
2026-09-17T16:47:15,108.09,A1,5.74,1.825,1825.0,0
2026-09-17T16:47:15,108.38,A1,5.74,1.825,1825.0,0
2026-09-17T16:47:15,108.68,A1,5.74,1.825,1825.0,0
2026-09-17T16:47:16,108.99,A1,5.74,1.825,1825.0,0
2026-09-17T16:47:16,109.27,A1,5.74,1.825,1825.0,0
2026-09-17T16:47:16,109.56,A1,5.74,1.825,1825.0,0
2026-09-17T16:47:16,109.85,A1,5.74,1.825,1825.0,0
2026-09-17T16:47:17,110.13,A1,5.74,1.825,1825.0,0
2026-09-17T16:47:17,110.43,A1,5.74,1.825,1825.0,0
2026-09-17T16:47:17,110.72,A1,5.74,1.825,1825.0,0
2026-09-17T16:47:18,111.01,A1,5.74,1.825,1825.0,0
2026-09-17T16:47:18,111.31,A1,5.74,1.825,1825.0,0
2026-09-17T16:47:18,111.6,A1,5.74,1.825,1825.0,0
